{
  "project_info": {
    "project_number": "909349798949",
    "firebase_url": "https://hush-2019.firebaseio.com",
    "project_id": "hush-2019",
    "storage_bucket": "hush-2019.appspot.com"
  },
  "client": [
    {
      "client_info": {
        "mobilesdk_app_id": "1:909349798949:android:3135c0622a70dad3",
        "android_client_info": {
          "package_name": "com.hush_project"
        }
      },
      "oauth_client": [
        {
          "client_id": "909349798949-7lcuiafhpr753e85s1ig1miiuqlcnd6d.apps.googleusercontent.com",
          "client_type": 1,
          "android_info": {
            "package_name": "com.hush_project",
            "certificate_hash": "dceefc36ef153f369398d7ffe24f85949eb6d351"
          }
        },
        {
          "client_id": "909349798949-ujneiko0fl85t5ehmsd0ctvvo5mim9u6.apps.googleusercontent.com",
          "client_type": 3
        }
      ],
      "api_key": [
        {
          "current_key": "AIzaSyCuONzibIFvMctAPS3L0ZtQdYQxcJ8K7eM"
        }
      ],
      "services": {
        "appinvite_service": {
          "other_platform_oauth_client": [
            {
              "client_id": "909349798949-ujneiko0fl85t5ehmsd0ctvvo5mim9u6.apps.googleusercontent.com",
              "client_type": 3
            }
          ]
        }
      }
    }
  ],
  "configuration_version": "1"
}